"year","utilization"
2001,415913483.064056
2002,483778856.052789
2003,532474286.269841
2004,583254761.875697
2005,526385518.938095
2006,652049088.40757
2007,933279679.246032
2008,932769430.697233
2009,748808714.325
2010,1002085598.96786
2011,1227069913.42222
2012,1247908997.52381
2013,1074616687.74107
2014,715633197.057284
2015,607149779.342063
2016,754568144.711508
2017,669766762.220916
2018,738620281.813889
2019,791965644
2020,1093962598.22727
2021,716291784.183333
2022,1478233271.18023
